{ "skeleton": { "images": "C:/Users/Joshua PC/OneDrive/Desktop/parts/" },
"PhotoshopToSpine": { "scale": 1, "padding": 1, "trim": true },
"bones": [
	{ "name": "root" }
],
"slots": [
	{ "name": "BG", "bone": "root", "attachment": "BG" },
	{ "name": "Layer10", "bone": "root", "attachment": "Layer10" },
	{ "name": "back_hair", "bone": "root", "attachment": "back_hair" },
	{ "name": "l_horn2", "bone": "root", "attachment": "l_horn2" },
	{ "name": "r_horn2", "bone": "root", "attachment": "r_horn2" },
	{ "name": "torso", "bone": "root", "attachment": "torso" },
	{ "name": "r_shoulder", "bone": "root", "attachment": "r_shoulder" },
	{ "name": "r_arm", "bone": "root", "attachment": "r_arm" },
	{ "name": "r_hand", "bone": "root", "attachment": "r_hand" },
	{ "name": "l_shoulder", "bone": "root", "attachment": "l_shoulder" },
	{ "name": "l_arm", "bone": "root", "attachment": "l_arm" },
	{ "name": "m_torso", "bone": "root", "attachment": "m_torso" },
	{ "name": "m_l_thigh", "bone": "root", "attachment": "m_l_thigh" },
	{ "name": "m_r_thigh", "bone": "root", "attachment": "m_r_thigh" },
	{ "name": "dick", "bone": "root", "attachment": "dick" },
	{ "name": "r_boob", "bone": "root", "attachment": "r_boob" },
	{ "name": "l_boob", "bone": "root", "attachment": "l_boob" },
	{ "name": "l_m_arm", "bone": "root", "attachment": "l_m_arm" },
	{ "name": "r_m_arm", "bone": "root", "attachment": "r_m_arm" },
	{ "name": "m_l_hand", "bone": "root", "attachment": "m_l_hand" },
	{ "name": "m_r_hand", "bone": "root", "attachment": "m_r_hand" },
	{ "name": "head", "bone": "root", "attachment": "head" },
	{ "name": "mouth", "bone": "root", "attachment": "mouth" },
	{ "name": "cum", "bone": "root", "attachment": "cum" },
	{ "name": "l-hand", "bone": "root", "attachment": "l-hand" },
	{ "name": "eyes", "bone": "root", "attachment": "eyes" },
	{ "name": "eyebrows", "bone": "root", "attachment": "eyebrows" },
	{ "name": "bangs", "bone": "root", "attachment": "bangs" },
	{ "name": "r_horn", "bone": "root", "attachment": "r_horn" },
	{ "name": "l_horn", "bone": "root", "attachment": "l_horn" },
	{ "name": "cum2", "bone": "root", "attachment": "cum2" }
],
"skins": {
	"default": {
		"BG": {
			"BG": { "x": 700, "y": -500, "width": 1402, "height": 1002 }
		},
		"Layer10": {
			"Layer10": { "x": 700, "y": -500, "width": 1402, "height": 1002 }
		},
		"back_hair": {
			"back_hair": { "x": 634.5, "y": -410, "width": 833, "height": 752 }
		},
		"l_horn2": {
			"l_horn2": { "x": 472, "y": -269, "width": 74, "height": 114 }
		},
		"r_horn2": {
			"r_horn2": { "x": 824, "y": -215.5, "width": 84, "height": 131 }
		},
		"torso": {
			"torso": { "x": 707.5, "y": -676.5, "width": 575, "height": 649 }
		},
		"r_shoulder": {
			"r_shoulder": { "x": 1038, "y": -564.5, "width": 490, "height": 291 }
		},
		"r_arm": {
			"r_arm": { "x": 1129.5, "y": -523.5, "width": 279, "height": 391 }
		},
		"r_hand": {
			"r_hand": { "x": 973.5, "y": -397, "width": 195, "height": 140 }
		},
		"l_shoulder": {
			"l_shoulder": { "x": 744.5, "y": -619.5, "width": 1015, "height": 261 }
		},
		"l_arm": {
			"l_arm": { "x": 381.5, "y": -580.5, "width": 245, "height": 315 }
		},
		"m_torso": {
			"m_torso": { "x": 716, "y": -949.5, "width": 480, "height": 103 }
		},
		"m_l_thigh": {
			"m_l_thigh": { "x": 312, "y": -863, "width": 614, "height": 276 }
		},
		"m_r_thigh": {
			"m_r_thigh": { "x": 1131, "y": -869, "width": 540, "height": 264 }
		},
		"dick": {
			"dick": { "x": 725.5, "y": -787.5, "width": 165, "height": 389 }
		},
		"r_boob": {
			"r_boob": { "x": 863.5, "y": -741.5, "width": 311, "height": 413 }
		},
		"l_boob": {
			"l_boob": { "x": 628, "y": -738.5, "width": 340, "height": 411 }
		},
		"l_m_arm": {
			"l_m_arm": { "x": 533, "y": -941, "width": 168, "height": 120 }
		},
		"r_m_arm": {
			"r_m_arm": { "x": 988, "y": -928, "width": 262, "height": 146 }
		},
		"m_l_hand": {
			"m_l_hand": { "x": 692.5, "y": -799, "width": 491, "height": 266 }
		},
		"m_r_hand": {
			"m_r_hand": { "x": 922, "y": -795.5, "width": 124, "height": 213 }
		},
		"head": {
			"head": { "x": 681.5, "y": -266.5, "width": 467, "height": 357 }
		},
		"mouth": {
			"mouth": { "x": 684.5, "y": -385.5, "width": 75, "height": 95 }
		},
		"cum": {
			"cum": { "x": 713.5, "y": -595, "width": 199, "height": 422 }
		},
		"l-hand": {
			"l-hand": { "x": 568.5, "y": -448.5, "width": 235, "height": 175 }
		},
		"eyes": {
			"eyes": { "x": 654, "y": -286, "width": 252, "height": 104 }
		},
		"eyebrows": {
			"eyebrows": { "x": 631, "y": -232.5, "width": 200, "height": 69 }
		},
		"bangs": {
			"bangs": { "x": 657.5, "y": -260.5, "width": 383, "height": 415 }
		},
		"r_horn": {
			"r_horn": { "x": 802.5, "y": -268.5, "width": 131, "height": 93 }
		},
		"l_horn": {
			"l_horn": { "x": 491, "y": -318, "width": 120, "height": 112 }
		},
		"cum2": {
			"cum2": { "x": 707, "y": -510, "width": 32, "height": 138 }
		}
	}
},
"animations": { "animation": {} }
}