{ "skeleton": { "images": "C:/Users/Joshua PC/OneDrive/Desktop/parts/" },
"PhotoshopToSpine": { "scale": 1, "padding": 1, "trim": true },
"bones": [
	{ "name": "root" }
],
"slots": [
	{ "name": "BG", "bone": "root", "attachment": "BG" },
	{ "name": "Layer18", "bone": "root", "attachment": "Layer18" },
	{ "name": "back_hair", "bone": "root", "attachment": "back_hair" },
	{ "name": "r_shoulder", "bone": "root", "attachment": "r_shoulder" },
	{ "name": "r_arm", "bone": "root", "attachment": "r_arm" },
	{ "name": "r_hand_2", "bone": "root", "attachment": "r_hand_2" },
	{ "name": "torso", "bone": "root", "attachment": "torso" },
	{ "name": "r_thigh", "bone": "root", "attachment": "r_thigh" },
	{ "name": "r_leg", "bone": "root", "attachment": "r_leg" },
	{ "name": "l_thigh", "bone": "root", "attachment": "l_thigh" },
	{ "name": "l_leg", "bone": "root", "attachment": "l_leg" },
	{ "name": "l_leg2", "bone": "root", "attachment": "l_leg2" },
	{ "name": "pussy", "bone": "root", "attachment": "pussy" },
	{ "name": "l_thigh2", "bone": "root", "attachment": "l_thigh2" },
	{ "name": "panty", "bone": "root", "attachment": "panty" },
	{ "name": "head", "bone": "root", "attachment": "head" },
	{ "name": "mouth_1", "bone": "root", "attachment": "mouth_1" },
	{ "name": "c_eyes", "bone": "root", "attachment": "c_eyes" },
	{ "name": "o_eyes", "bone": "root", "attachment": "o_eyes" },
	{ "name": "r_sleeve", "bone": "root", "attachment": "r_sleeve" },
	{ "name": "r_sleeve_arm", "bone": "root", "attachment": "r_sleeve_arm" },
	{ "name": "r_boob", "bone": "root", "attachment": "r_boob" },
	{ "name": "r_bra", "bone": "root", "attachment": "r_bra" },
	{ "name": "l_boob", "bone": "root", "attachment": "l_boob" },
	{ "name": "l_bra", "bone": "root", "attachment": "l_bra" },
	{ "name": "l_shoulder", "bone": "root", "attachment": "l_shoulder" },
	{ "name": "skirk", "bone": "root", "attachment": "skirk" },
	{ "name": "l_arm", "bone": "root", "attachment": "l_arm" },
	{ "name": "l_hand_2", "bone": "root", "attachment": "l_hand_2" },
	{ "name": "polo_left", "bone": "root", "attachment": "polo_left" },
	{ "name": "polo_right", "bone": "root", "attachment": "polo_right" },
	{ "name": "l_hand", "bone": "root", "attachment": "l_hand" },
	{ "name": "l_sleeve_arm", "bone": "root", "attachment": "l_sleeve_arm" },
	{ "name": "l_sleeve", "bone": "root", "attachment": "l_sleeve" },
	{ "name": "bangs", "bone": "root", "attachment": "bangs" },
	{ "name": "glasses", "bone": "root", "attachment": "glasses" }
],
"skins": {
	"default": {
		"BG": {
			"BG": { "x": 640, "y": -360, "width": 1282, "height": 722 }
		},
		"Layer18": {
			"Layer18": { "x": 640, "y": -360, "width": 1282, "height": 722 }
		},
		"back_hair": {
			"back_hair": { "x": 613.5, "y": -158, "width": 223, "height": 288 }
		},
		"r_shoulder": {
			"r_shoulder": { "x": 720, "y": -282.5, "width": 74, "height": 229 }
		},
		"r_arm": {
			"r_arm": { "x": 790, "y": -426.5, "width": 166, "height": 161 }
		},
		"r_hand_2": {
			"r_hand_2": { "x": 872, "y": -476.5, "width": 74, "height": 69 }
		},
		"torso": {
			"torso": { "x": 589.5, "y": -357.5, "width": 337, "height": 463 }
		},
		"r_thigh": {
			"r_thigh": { "x": 695.5, "y": -487, "width": 243, "height": 130 }
		},
		"r_leg": {
			"r_leg": { "x": 713.5, "y": -603.5, "width": 167, "height": 235 }
		},
		"l_thigh": {
			"l_thigh": { "x": 548.5, "y": -543.5, "width": 235, "height": 313 }
		},
		"l_leg": {
			"l_leg": { "x": 624.5, "y": -682.5, "width": 87, "height": 77 }
		},
		"l_leg2": {
			"l_leg2": { "x": 472.5, "y": -686.5, "width": 103, "height": 69 }
		},
		"pussy": {
			"pussy": { "x": 567, "y": -501, "width": 122, "height": 120 }
		},
		"l_thigh2": {
			"l_thigh2": { "x": 466, "y": -521.5, "width": 176, "height": 363 }
		},
		"panty": {
			"panty": { "x": 557.5, "y": -440.5, "width": 193, "height": 191 }
		},
		"head": {
			"head": { "x": 660, "y": -105.5, "width": 230, "height": 213 }
		},
		"mouth_1": {
			"mouth_1": { "x": 665.5, "y": -134.5, "width": 23, "height": 9 }
		},
		"c_eyes": {
			"c_eyes": { "x": 653.5, "y": -98.5, "width": 81, "height": 31 }
		},
		"o_eyes": {
			"o_eyes": { "x": 654, "y": -99.5, "width": 82, "height": 33 }
		},
		"r_sleeve": {
			"r_sleeve": { "x": 762, "y": -217.5, "width": 162, "height": 67 }
		},
		"r_sleeve_arm": {
			"r_sleeve_arm": { "x": 756, "y": -170.5, "width": 132, "height": 133 }
		},
		"r_boob": {
			"r_boob": { "x": 701.5, "y": -271.5, "width": 179, "height": 139 }
		},
		"r_bra": {
			"r_bra": { "x": 701.5, "y": -271.5, "width": 179, "height": 139 }
		},
		"l_boob": {
			"l_boob": { "x": 652, "y": -255, "width": 158, "height": 116 }
		},
		"l_bra": {
			"l_bra": { "x": 652, "y": -258, "width": 158, "height": 122 }
		},
		"l_shoulder": {
			"l_shoulder": { "x": 578, "y": -241, "width": 120, "height": 188 }
		},
		"skirk": {
			"skirk": { "x": 569, "y": -437.5, "width": 318, "height": 241 }
		},
		"l_arm": {
			"l_arm": { "x": 516.5, "y": -359, "width": 151, "height": 126 }
		},
		"l_hand_2": {
			"l_hand_2": { "x": 438, "y": -425.5, "width": 94, "height": 101 }
		},
		"polo_left": {
			"polo_left": { "x": 610.5, "y": -266.5, "width": 279, "height": 253 }
		},
		"polo_right": {
			"polo_right": { "x": 677, "y": -294, "width": 196, "height": 258 }
		},
		"l_hand": {
			"l_hand": { "x": 568, "y": -515.5, "width": 122, "height": 195 }
		},
		"l_sleeve_arm": {
			"l_sleeve_arm": { "x": 570.5, "y": -312, "width": 119, "height": 298 }
		},
		"l_sleeve": {
			"l_sleeve": { "x": 621, "y": -299, "width": 214, "height": 320 }
		},
		"bangs": {
			"bangs": { "x": 659, "y": -106, "width": 168, "height": 192 }
		},
		"glasses": {
			"glasses": { "x": 651.5, "y": -97.5, "width": 101, "height": 63 }
		}
	}
},
"animations": { "animation": {} }
}